Paul Montoya pmontoy2@asu.edu pmontoy2
Eduardo Ortiz eortizro@asu.edu eortizro
Jake Savage jsavage2@asu.edu jsavage2
Juice Wrld jwrld9@asu.edu jwrld9
Marshall Mathers mmathers6@asu.edu mmathers6
Bob Plumber bplumber4@asu.edu bplumber4
